timestamp_ms,motor_current_A,motor_velocity_rpm,motor_position_deg
0,2.060943415950886,-0.2964132301296611,-0.0017784793807779664
1,1.7920031787519008,-2.3885728979942016,-0.01610991676874318
2,2.1500902391612913,0.44315920975829215,-0.013450961510193427
3,2.188112943278243,6.942341156540429,0.028203085429049153
4,1.6097929622692326,5.044423492336397,0.05846962638306753
5,1.7395640986275365,7.986378888789883,0.10638789971580682
6,2.025568080633457,10.890602669251109,0.17173151573131348
7,1.9367514815312836,6.919683526618076,0.21324961689102195
8,1.9966397684991422,13.827424603365824,0.2962141645112169
9,1.829391214485284,13.191100160199255,0.3753607654724124
10,2.1758795949725656,6.371737583472209,0.4135911909732457
11,2.1555583870857897,21.00425775319658,0.5396167374924252
12,2.0132061395122434,12.533758462609088,0.6148192882680797
13,2.2254482413936065,8.004374500583513,0.6628455352715809
14,2.093501868450409,12.294425777255388,0.7366120899351132
15,1.8281415074233522,13.651439534192106,0.8185207271402658
16,2.0737501568164998,20.251585115768123,0.9400302378348745
17,1.8082234798342003,19.852356090519603,1.059144374377992
18,2.1756900602614544,20.76498102555429,1.1837342605313177
19,1.9900148178027495,26.771630856580366,1.3443640456708
20,1.9630275272909479,26.59273225265268,1.503920439186716
21,1.8638140911192118,27.68989039443025,1.6700597815532976
22,2.244508267734806,29.370957647490048,1.846285527438238
23,1.9690941035862395,31.610329947416165,2.035947507122735
24,1.9143344355673786,19.193216957830014,2.151106808869715
25,1.929573289902354,29.10941487756458,2.3257632981351026
26,2.1064618371106696,21.224284045966996,2.453109002410905
27,2.0730888128728155,33.49427910819474,2.6540746770600734
28,2.0825465223191975,34.474188518337314,2.860919808170097
29,2.0861642006015764,40.90293021537157,3.1063373894623263
30,2.4283295201740924,42.78571144463059,3.36305165813011
31,1.9187169967230768,39.0278550536215,3.597218788451839
32,1.8975514541856926,36.67259988505523,3.8172543877621705
33,1.8372454543504244,42.75443781112681,4.073781014628931
34,2.1231958845150993,38.83688992391913,4.306802354172446
35,2.2257944585441782,42.61079798002678,4.562467142052607
36,1.977210508469025,48.682982630494266,4.854565037835572
37,1.8319687046074944,42.09106129009909,5.107111405576166
38,1.835103756861752,50.0288269360736,5.407284367192608
39,2.1301185575649404,50.50067775176329,5.710288433703187
40,2.1486508342406885,43.44549429455066,5.970961399470491
41,2.108630853661039,54.187076831034446,6.296083860456698
42,1.8668980585422612,53.90078730598998,6.619488584292638
43,2.046432264613344,51.99995846094455,6.931488335058305
44,2.0233371618281457,48.75293797299381,7.2240059628962685
45,2.0437377193458026,49.33443423086039,7.520012568281431
46,2.174285755589638,51.99957466484762,7.832010016270517
47,2.0447191097549364,58.44962994262401,8.18270779592626
48,2.135782712614379,51.99848277246379,8.494698692561043
49,2.0135158138977785,59.99513719313642,8.854669515719861
50,2.0578238797379966,52.620618875688535,9.170393228973992
51,2.126257645167708,58.821565716898434,9.523322623275384
52,1.7085688360288667,61.39319087229175,9.891681768509134
53,1.9360657567285398,74.06401891691611,10.336065882010631
54,1.905925469141441,55.93542145196239,10.671678410722405
55,1.8722244303513316,71.15576390776184,11.098612994168976
56,1.9449715497546634,65.5085002336758,11.491663995571031
57,2.2989882622468794,67.76849811699867,11.898274984273023
58,1.8268337768613514,67.24733088517823,12.301758969584093
59,2.193655670918296,69.81163142724407,12.720628758147557
60,1.663426045676839,67.741283526568,13.127076459306965
61,1.933022994002845,76.69083152135954,13.587221448435121
62,2.032550613021001,68.03811218694477,13.99545012155679
63,2.1172444662718557,76.87040140399877,14.456672529980782
64,2.142245315958571,68.86488629139339,14.869861847729142
65,2.158669447039985,72.65154988021241,15.305771147010416
66,1.9302549855503124,68.44754040178279,15.716456389421113
67,1.9075296414670866,76.9253374345428,16.17800841402837
68,2.1715951762514307,82.70690254071255,16.674249829272643
69,1.961739135023677,75.91360253804847,17.129731444500933
70,1.7448627353324155,76.12299277635292,17.58646940115905
71,1.7733425571993038,72.32917374300948,18.02044444361711
72,1.8161095427996776,77.53830626939745,18.485674281233493
73,2.099432148810753,71.49085909263674,18.914619435789312
74,2.028485147214113,75.64792934191023,19.368507011840773
75,2.138097070813554,82.09104656462007,19.861053291228494
76,1.914549470732693,88.2841697079975,20.390758309476478
77,2.0317079382153427,96.45421991648395,20.969483628975382
78,2.1251180787934674,80.18126280621486,21.450571205812672
79,1.9381306920559522,90.98356065374983,21.99647256973517
80,2.0913550475114824,85.70543329759,22.510705169520712
81,1.8676148117866698,84.39667553959924,23.017085222758308
82,1.9273892306869858,87.9686553441995,23.544897154823506
83,1.923652421200334,86.75445796438629,24.065423902609822
84,1.760832070882192,87.62236864457384,24.591158114477267
85,2.0973944961571163,85.640461709182,25.10500088473236
86,1.9061195319594553,81.2894429734677,25.592737542573165
87,2.0024988237455377,81.14576065262517,26.079612106488916
88,2.0961493317811817,92.69994572950885,26.635811780865968
89,2.089306235205989,88.60590460190325,27.167447208477387
90,2.1330770217945574,87.55040545997883,27.69274964123726
91,1.9803029030981152,91.10049849281931,28.239352632194176
92,1.9153403375911693,95.54534411459505,28.81262469688175
93,1.9840563578187203,92.9707260204183,29.370449053004258
94,1.662533113208394,89.27228720896295,29.906082776258035
95,1.7105775055153825,99.15303786110516,30.501001003424665
96,1.7354600775291196,101.37179318162326,31.109231762514405
97,1.8005506344797038,96.38815103859103,31.687560668745952
98,2.0799548453446874,99.20832738387858,32.28281063304922
99,1.8189041889279878,100.95952465611202,32.888567780985895
100,1.924367489192122,100.79494405034023,33.493337445287935
101,2.259845659557213,98.59461164539181,34.08490511516028
102,1.9287472057877149,98.88040470783939,34.67818754340732
103,2.1475031136934173,98.83635379039585,35.27120566614969
104,1.8132764639980246,91.08551645880024,35.817718764902494
105,1.958912488426474,100.39469410791288,36.420086929549974
106,1.8099955890178838,90.41555108959058,36.96258023608752
107,1.9321933848198876,93.50978739182814,37.52363896043849
108,2.168061627491479,104.27334923380906,38.14927905584135
109,1.6545359153615302,102.21389628568863,38.76256243355548
110,2.0868847287091716,105.69155014069209,39.39671173439963
111,2.0475471204664557,97.12240338278434,39.97944615469633
112,1.8811700088606411,92.93016529893217,40.537027146489926
113,1.710788429122309,97.68424199099185,41.12313259843588
114,2.014425901542774,99.57595634314605,41.72058833649476
115,1.8941014581872395,99.6244403471814,42.318334978577845
116,2.0465352422709406,105.04589519432594,42.9486103497438
117,2.0043704291046884,97.70341242000937,43.53483082426386
118,2.320355778264183,101.38646342887004,44.14314960483708
119,1.952128874505395,94.78391819011024,44.71185311397774
120,1.795300501475627,102.06362359403369,45.32423485554194
121,2.035855126991263,99.8967701736551,45.92361547658387
122,2.043999336794353,96.1855469547755,46.50072875831252
123,2.2718375150480874,98.79304061616462,47.0934870020095
124,2.167022249182916,99.07306408745326,47.687925386534225
125,2.0713742118299017,98.64910073617426,48.27981999095127
126,2.2926605782439125,108.8466933880133,48.93290015127935
127,1.7622473891354298,99.47204675468359,49.52973243180745
128,1.8720496934500503,98.70326866872125,50.12195204381978
129,1.814684811718895,89.37815631959495,50.65822098173735
130,1.9220380393688463,95.32123474292693,51.23014839019491
131,5.0,0.05037088305900103,51.23045061549327
132,5.0,-0.2809583095220655,51.22876486563614
133,5.0,0.22453565091274774,51.23011207954161
134,5.0,-0.018838915070166662,51.22999904605119
135,5.0,-0.22218621904314412,51.22866592873693
136,5.0,0.23775682287077482,51.230092469674155
137,5.0,0.1251351143192308,51.23084328036007
138,5.0,-0.25290839838958284,51.22932582996973
139,5.0,0.3554365680515449,51.23145844937804
140,5.0,0.13175947367323856,51.23224900622008
141,5.0,-0.0020392231250092262,51.23223677088133
142,5.0,0.3180437611243559,51.23414503344807
143,5.0,0.03185955676592812,51.23433619078867
144,5.0,-0.005616615020806397,51.23430249109854
145,5.0,-0.1320600232043978,51.23351013095931
146,5.0,0.11637008786141573,51.23420835148648
147,5.0,0.09532059346479599,51.23478027504727
148,5.0,0.0029360279779422575,51.23479789121514
149,5.0,-0.1579972707735206,51.233849907590496
150,5.0,0.025985970833214772,51.234005823415494
151,5.0,-0.013959757152427577,51.23392206487258
152,5.0,-0.2666948637468402,51.2323218956901
153,5.0,-0.29436247026483714,51.23055572086851
154,5.0,0.1130306757619539,51.23123390492308
155,5.0,-0.5203776630103378,51.228111638945016
156,5.0,0.041082105392251995,51.22835813157737
157,5.0,-0.0956166115507649,51.22778443190807
158,5.0,0.261649321375982,51.229354327836326
159,5.0,-0.09869364183077516,51.228762165985344
160,5.0,0.1318968428503792,51.22955354704245
161,5.0,-0.07938276824755833,51.229077250432965
162,5.0,0.02274963069722869,51.22921374821715
163,5.0,0.14736730618401025,51.23009795205425
164,5.0,-0.09251114326491604,51.22954288519466
165,5.0,0.1993109768996808,51.23073875105606
166,5.0,-0.19873957542129664,51.22954631360353
167,5.0,0.05891856851167582,51.2298998250146
168,5.0,0.18452794455757057,51.23100699268194
169,5.0,0.132007498358067,51.23179903767209
170,5.0,0.38328897534708206,51.234098771524174
171,5.0,-0.15268786346213212,51.2331826443434
172,5.0,-0.27582985026971757,51.231527665241785
173,5.0,-0.1988670216990239,51.23033446311159
174,5.0,0.1320885133096874,51.23112699419145
175,5.0,0.09958458685387572,51.23172450171257
176,5.0,0.020451331929483157,51.23184720970415
177,5.0,-0.224591409821426,51.23049966124522
178,5.0,0.15337345866581217,51.231419901997214
179,5.0,-0.24494095553010808,51.22995025626403
180,5.0,0.23178991647537997,51.231340995762885
181,2.0438765002727712,80.3701612168446,51.71356196306395
182,1.9178145538332525,71.27356536678626,52.14120335526467
183,2.2212577420119777,77.60489416187842,52.60683272023594
184,2.0857512876923225,73.54161336531938,53.04808240042786
185,2.3071511983991986,65.85542666191515,53.44321496039935
186,2.0366468874443813,70.28742396394792,53.86493950418304
187,1.7551061936558998,72.81490793976172,54.30182895182161
188,1.726368160150867,73.16136057913278,54.74079711529641
189,2.33018558644625,68.48894741053253,55.151730799759605
190,2.3447331441566597,75.93918616932417,55.60736591677555
191,1.9640961573434799,72.3934465436194,56.041726596037265
192,1.9233625357728024,65.13756549856265,56.43255198902864
193,2.2922888584484404,69.22587890465825,56.84790726245659
194,1.7785908635913024,74.1883110198103,57.29303712857545
195,1.8210545962088347,73.35563158835359,57.73317091810557
196,2.128665358937809,56.437018281068106,58.07179302779198
197,1.9210789754280821,56.958259800932225,58.41354258659758
198,1.9989756266559857,68.0196815600241,58.82166067595772
199,1.9673114202950974,54.29825680920161,59.147450216812935
200,2.0675149097597867,51.96210208772557,59.45922282933929
201,2.2814963722627435,55.1197146234938,59.789941117080254
202,2.018116981380349,58.618590223912214,60.14165265842373
203,2.1287877586553714,54.96330190535624,60.47143246985587
204,1.5899655797937955,51.17151836112996,60.77846158002265
205,1.9902563196139764,49.99371373158971,61.07842386241219
206,1.8313539459414256,48.73508649951673,61.37083438140929
207,1.7562373879152744,46.82294465201675,61.65177204932139
208,1.82436952661425,61.54427364514094,62.021037691192234
209,1.9331753118598376,50.53134814756984,62.324225780077654
210,2.1831805084712026,52.37751150090469,62.638490849083084
211,1.7347214564520872,44.390666292671455,62.904834846839115
212,2.0061262985188835,44.7911968819777,63.17358202813098
213,1.9031661133332842,41.030902661655865,63.41976744410091
214,1.9344653811276078,30.2107664408436,63.60103204274598
215,2.2005515650609206,35.44301922141412,63.813690158074465
216,2.107623087400785,32.13703142449731,64.00651234662145
217,2.267479621488549,28.79174772702237,64.17926283298358
218,1.96909886415002,32.90807798764827,64.37671130090948
219,1.8608114776658593,44.34770482718518,64.64279752987258
220,1.9552282366239,36.33283034400017,64.86079451193658
221,2.048499358254244,41.83413072423975,65.11179929628202
222,2.035314671690742,36.256927217071265,65.32934085958445
223,1.7831223855533267,36.930099168659495,65.5509214545964
224,2.0180979563255748,27.322886512708006,65.71485877367266
225,2.045645666027781,33.25215673164173,65.91437171406251
226,2.503494807506784,33.076156702299954,66.11282865427631
227,2.375368922256334,25.344875586228753,66.26489790779368
228,1.829351329888236,29.816873941459054,66.44379915144243
229,1.9425233276901648,28.636895735759207,66.61562052585698
230,1.7073115996325994,21.84089546973464,66.74666589867539
231,1.8818585972073028,17.753627435070303,66.85318766328581
232,2.063121000718068,16.22194157266459,66.9505193127218
233,2.2411707241776466,21.346721003364095,67.07859963874198
234,1.8541832324512784,21.317543490717128,67.20650489968628
235,1.8691707119864407,14.485051528059682,67.29341520885464
236,1.570542194052269,17.34287498304742,67.39747245875293
237,1.9674668158910185,18.8221779594474,67.51040552650962
238,1.7875171176280873,17.81746403534066,67.61731031072166
239,1.8941121145267852,21.24059860127091,67.7447539023293
240,1.8246278443664823,18.618656598835948,67.85646584192232
241,1.9811474891494887,5.977913990467298,67.89233332586512
242,1.6484543217286738,18.1511828845204,68.00124042317225
243,1.7065909509218018,5.825709924772377,68.03619468272089
244,2.4258494224056597,12.450955254330875,68.11090041424687
245,1.7425154837451937,6.311379618576478,68.14876869195832
246,1.780642884309072,2.654610042945781,68.164696352216
247,2.3673827056642627,-5.579963017692918,68.13121657410984
248,2.5810134338480815,1.3433158415410376,68.13927646915909
249,1.7656866742349315,-6.8535089539383405,68.09815541543546
250,1.9263502086423938,4.522022958440262,68.1252875531861
251,2.0683111101881018,6.011659379992184,68.16135750946606
252,2.3457395288811185,-6.814440754795211,68.12047086493729
253,1.8026285843143526,-2.5771662314747887,68.10500786754844
254,1.950944430811578,-8.970465009345599,68.05118507749236
255,2.155467515212349,-9.74157301334597,67.99273563941229
256,2.086953214893324,-3.981273637240071,67.96884799758885
257,1.9247687857539801,-9.299793577881104,67.91304923612157
258,1.9732354070967917,-1.6607761735688253,67.90308457908016
259,1.7250208383260035,-14.020453806037573,67.81896185624393
260,1.9523652512050669,-7.8610478658144025,67.77179556904905
261,1.946722501998209,-13.617066127702998,67.69009317228283
262,2.0464339779252514,-11.36941514090043,67.62187668143743
263,1.8889345562361968,-18.82583694352103,67.5089216597763
264,2.0943077045090277,-18.076961303555464,67.40045989195497
265,2.202543163563966,-19.64295889980108,67.28260213855616
266,2.031085865533693,-24.479030776905052,67.13572795389473
267,2.070351281679841,-18.218406401600244,67.02641751548512
268,2.0106310695155734,-19.50423145971639,66.90939212672683
269,2.000016878618283,-21.010764875245727,66.78332753747536
270,1.8556883932914305,-17.51297786892425,66.6782496702618
271,2.0632988523346616,-19.166362925479064,66.56325149270893
272,1.980542680317302,-29.49891188715306,66.38625802138601
273,2.418633661786119,-26.96565743505127,66.2244640767757
274,2.3146709804950483,-33.15109120746609,66.0255575295309
275,2.0771693105113003,-31.113727842576136,65.83887516247545
276,1.8473885580610465,-35.42172679403138,65.62634480171126
277,1.7775177056033165,-25.509972908541307,65.47328496426
278,2.238228590617773,-32.973860517713526,65.27544180115372
279,2.0525498450294277,-37.05901860497566,65.05308768952386
280,2.096028680678322,-31.171610521474907,64.86605802639501
281,1.6510828026051614,-49.157734309293794,64.57111162053924
282,2.185487696311636,-49.534063249270496,64.27390724104362
283,2.0908840676428726,-36.63700577934833,64.05408520636753
284,1.7779138631171043,-41.460078980059805,63.80532473248717
285,1.9056950385100102,-41.649803904928824,63.5554259090576
286,2.052743440871304,-50.66684181005466,63.25142485819727
287,2.0104933596712486,-45.2768881919413,62.97976352904562
288,1.941565762839289,-36.26188524472315,62.76219221757728
289,1.9793023463868078,-43.26982416006496,62.50257327261689
290,1.9496045243586229,-47.64618094603467,62.21669618694069
291,2.0305125024204935,-51.78620141896358,61.90597897842691
292,2.2942983945986315,-52.65216765617421,61.59006597248986
293,1.4866683118137405,-62.40564549218791,61.215632099536734
294,1.952629947098063,-51.5436167699993,60.906370398916735
295,2.0353024842744896,-49.66820669361233,60.60836115875506
296,2.05919879793742,-62.828994442933634,60.23138719209746
297,1.925617083735742,-59.30456307529357,59.875559813645694
298,1.6486556435042834,-62.82252221895723,59.49862468033195
299,2.065599096742822,-62.89065091690435,59.121280774830524
300,2.345470042832837,-58.81599536648628,58.76838480263161
301,1.6932277190167724,-70.51557419125463,58.34529135748408
302,2.172765602739638,-58.02286266275693,57.99715418150754
303,1.9342949553754212,-58.3159241346559,57.647258636699604
304,1.9877351308342306,-64.32187344444027,57.26132739603296
305,1.7894202978592102,-76.4410852172253,56.80268088472961
306,1.9331087655288246,-69.98068543537659,56.38279677211735
307,2.260008918939792,-59.78484768307608,56.024087686018895
308,2.1165310483975412,-80.77965877807678,55.53940973335043
309,2.346462321081989,-69.55705064243419,55.12206742949583
310,2.2354823777955386,-74.63845275524729,54.674236712964344
311,2.0878173357859153,-65.62373629699796,54.28049429518236
312,2.3487869052335584,-73.9192764753126,53.836978636330485
313,2.08779863174766,-69.40989353902401,53.42051927509634
314,2.1655976353594117,-69.47701631030543,53.00365717723451
315,1.9406858092930583,-63.9864034115177,52.6197387567654
316,2.013309163171841,-75.03387938857117,52.16953548043397
317,1.8605152353399446,-72.978872985386,51.73166224252166
318,2.1979167869189706,-83.11245259613634,51.23298752694484
319,1.7643392753770268,-70.55121192932026,50.80968025536892
320,2.1564700684835323,-81.10982357922857,50.32302131389355
321,1.9618697884989682,-80.90281758503045,49.83760440838336
322,2.234249418693464,-78.98969571750915,49.36366623407831
323,2.150173797746252,-87.45980767719212,48.83890738801516
324,2.3641292315293603,-79.25586289204932,48.36337221066286
325,2.146154938227729,-76.30398728166148,47.90554828697289
326,1.6855919488693518,-80.40541631909632,47.42311578905831
327,1.9866093654203598,-90.53038591724794,46.87993347355482
328,1.7655985614810368,-83.90768983572565,46.37648733454047
329,1.896344031526745,-80.2680655309565,45.89487894135473
330,2.3022456866553442,-94.04443286283558,45.33061234417772
331,2.1275067621795394,-90.69120338842784,44.78646512384716
332,1.8602139142842506,-81.5840399976669,44.29696088386115
333,1.7972565267119203,-85.25206320745741,43.78544850461641
334,2.006556418575252,-85.16476189131484,43.274459933268524
335,1.7566879701237745,-78.53542382016028,42.803247390347565
336,1.8657719445206837,-86.08451440834673,42.28674030389748
337,2.062401894310249,-85.71822703002465,41.77243094171733
338,2.2310624072213394,-76.02024473243387,41.316309473322725
339,2.121752294444888,-91.19512734504688,40.769138709252445
340,1.54174209828038,-94.6533900957814,40.20121836867776
341,2.0608733458060517,-89.0485204402677,39.66692724603615
342,2.0144067146465154,-89.50164503265685,39.129917375840215
343,2.0827780570745387,-94.82476592825354,38.56096878027069
344,2.3232419363302412,-97.83317563830272,37.97396972644088
345,1.5873523446390514,-81.58730683553502,37.48444588542767
346,1.881779314961779,-91.95291320344107,36.93272840620702
347,2.118181264558671,-97.68435097798626,36.3466223003391
348,1.6836811201092114,-89.86418902668487,35.80743716617899
349,2.2951898096107017,-95.39553911378617,35.23506393149628
350,2.0736713225401315,-96.50518552003427,34.65603281837607
351,2.1693167971686806,-92.80530911435261,34.09920096368995
352,1.8858112676956411,-102.43685077647734,33.484579859031086
353,2.1627527379932423,-94.55988306980541,32.91722056061225
354,2.213694311197808,-87.08858371714535,32.394689058309375
355,2.0465756040274337,-94.63751485478221,31.826863969180682
356,2.0468801785397392,-99.14916598923332,31.23196897324528
357,2.054068647856345,-100.08794365032509,30.63144131134333
358,1.8273309470521237,-99.87299338004637,30.032203351063053
359,1.9704942639519294,-99.34450511224286,29.436136320389597
360,1.9694954935095281,-100.20160444336177,28.834926693729425
361,2.0766787728706992,-93.9533388413888,28.27120666068109
362,2.199964849382059,-107.4076748617238,27.626760611510747
363,1.788292783604318,-94.62273871328867,27.059024179231017
364,1.9749981939360846,-101.00662729261475,26.452984415475328
365,2.296291109531795,-97.38322975987516,25.868685036916077
366,1.8512823542374872,-105.04697529999824,25.238403185116088
367,1.835549996541936,-92.89721771915407,24.681019878801163
368,2.040461238366239,-93.4247854941743,24.12047116583612
369,2.168877038097064,-94.9518270306996,23.550760203651922
370,2.002285211112132,-107.40458970609451,22.906332665415356
371,2.265792118087398,-95.75045062055247,22.33182996169204
372,2.171358796513305,-97.92121434472838,21.744302675623672
373,2.1683640133780124,-108.00546566205546,21.096269881651338
374,2.1108233002648187,-100.11839650562877,20.495559502617567
375,2.465530620069217,-98.17621500240509,19.906502212603137
376,1.958967662226791,-97.20466632671429,19.32327421464285
377,1.5992955415866972,-99.06907068743212,18.728859790518257
378,2.3208508723034282,-98.45373953623125,18.13813735330087
379,1.9084601138086348,-92.48055022578676,17.58325405194615
380,2.0215760888686067,-93.64134937007275,17.02140595572571
381,2.2619101369721055,-114.01391878461715,16.33732244301801
382,1.6795480917882148,-101.15718994487219,15.730379303348776
383,1.749670557178772,-100.26885071324752,15.128766199069291
384,1.6797444125762293,-108.06595177767163,14.480370488403262
385,1.841172741994915,-98.67869406857693,13.8882983239918
386,2.0879273212033986,-92.73428271032583,13.331892627729845
387,2.104837568562554,-104.22371199197077,12.70655035577802
388,2.0552548358657106,-96.90603765129023,12.12511412987028
389,1.7174468232215268,-102.94873000444323,11.50742174984362
390,1.537979312673471,-101.49517819375434,10.898450680681094
391,2.0108707170780766,-90.49912757053596,10.355455915257878
392,1.9056447932723328,-100.33387419800208,9.753452670069866
393,2.0918771543433223,-95.02956563054715,9.183275276286583
394,2.140390725244254,-106.40085963228465,8.544870118492875
395,2.0276482864117362,-87.42196703275462,8.020338316296348
396,2.1520266170751707,-93.39377245008258,7.459975681595853
397,2.0458422748230136,-96.97775945548342,6.878109124862952
398,2.1060129411202935,-92.83055304982763,6.321125806563987
399,1.8590653474260235,-102.385264382482,5.706814220269095
400,1.9640777172337083,-89.03631032671808,5.172596358308787
401,2.0393552193313913,-96.16666113686853,4.595596391487575
402,2.164105695083484,-95.14989812819253,4.02469700271842
403,1.9212517655550856,-96.15574800157125,3.4477625147089923
404,2.1042334511464227,-96.15382076169867,2.8708395901388
405,1.9468322416169241,-89.3155496715089,2.3349462921097466
406,1.9764915665343739,-91.03302566891014,31.788748138096285
407,2.165903808404815,-88.56286998101223,31.257370918210214
408,1.6013879257891688,-91.3601061647262,30.709210281221853
409,1.7407055343850477,-88.23020693256873,30.179829039626444
410,1.7035629205114358,-92.35615648652863,29.62569210070727
411,1.533276776030339,-78.56467838718369,29.154304030384168
412,1.8643471119689647,-96.99021935198093,28.572362714272284
413,2.149886779945548,-82.26900422183805,28.078748688941253
414,1.943023186723485,-81.14326232803812,27.591889114973025
415,2.0395580163883706,-91.63878102110085,27.042056428846422
416,2.2178434993421585,-75.61298071398032,26.588378544562538
417,2.2655372264535383,-81.1495313791965,26.10148135628736
418,1.986172413054772,-80.62529409657805,25.617729591707892
419,2.2707171779138795,-84.68135905615087,25.109641437370986
420,2.0184253316868217,-85.23466052109842,24.598233474244395
421,1.8325203552345075,-84.5093189599798,24.091177560484518
422,1.881119929560253,233.3491044803037,25.49127218736634
423,1.7038926974869968,179.11585848022366,26.56596733824768
424,1.8223732292532695,16.662404503207085,26.665941765266926
425,1.928396662385114,-182.22408174772661,25.572597274780563
426,2.16071700387572,-329.87320317127865,23.593358055752894
427,2.344153966233197,-388.6248755185147,21.261608802641803
428,1.723563696924592,-329.1819495943705,19.286517105075582
429,2.078565493651984,-170.8594302916086,18.26136052332593
430,1.7918912121684931,19.02049179992433,18.375483474125474
431,2.0949394176926406,173.6229096333011,19.417220931925282
432,1.9737826698624548,234.7510676805029,20.8257273380083
433,1.6338188348304938,171.75261419891274,21.856243023201777
434,2.185659398313697,24.88376246633061,22.00554559799976
435,1.8789998574382538,-170.01899572844596,20.985431623629083
436,1.893219952325289,-328.0095154866898,19.017374530708945
437,1.7860495177420619,-399.7036073693551,16.619152886492813
438,1.869143344662489,-330.2686781994707,14.63754081729599
439,2.0855780881389836,-160.44285757708386,13.674883671833488
440,1.962151131812719,25.70722280043222,13.829127008636082
441,2.065732400456496,188.84002106995672,14.962167135055822
442,2.0723843707857688,241.02041422611617,16.408289620412518
443,2.2641323311056336,196.1164583753801,17.5849883706648
444,1.9314427698271242,32.08165266734615,17.777478286668874
445,1.7046284366308537,-158.94044754653814,16.823835601389646
446,2.2134444833143965,-304.8627024501758,14.994659386688593
447,1.933702365580549,-367.91993828269847,12.787139756992403
448,2.222918488915475,-316.037636628541,10.890913937221157
449,2.076675422636494,-159.3834790443874,9.934613062954831
450,1.973772493959331,37.13318715804806,10.15741218590312
451,2.069755178809259,199.41645039394342,11.353910888266778
452,2.39020251202526,257.37539886588115,12.898163281462065
453,2.4153961058107507,196.97059925543863,14.079986876994695
454,2.0138762270265556,50.25621103499967,14.381524143204693
455,2.032038118663415,-150.75016140809325,13.477023174756134
456,2.215248031493277,-294.6907103487341,11.708878912663728
457,1.8308677934465305,-364.65570256860576,9.520944697252094
458,2.066614074523651,-295.0973597687386,7.7503605386396615
459,1.9948274304092286,-144.06344920408395,6.885979843415157
460,2.062781642291511,54.22784985787749,7.211346942562422
461,1.8333262388101188,203.9791561787784,8.43522187963509
462,1.6820865013382063,264.4493946015544,10.021918247244418
463,1.5854033128017417,212.1417283264254,11.294768617202969
464,1.7765231774020784,58.837432847270385,11.64779321428659
465,1.9082649430121335,-138.9272207531922,10.814229889767436
466,1.9413616826702476,-301.4955154852559,9.0052567968559
467,2.387446232485903,-360.7128621988173,6.840979623662996
468,2.2211986739814598,-299.8908225262266,5.041634688505635
469,1.8075817767316744,-143.35016249337247,4.181533713545399
470,2.0695416904901913,61.3658573553406,4.549728857677444
471,1.9185843527299349,224.69839913916974,5.897919252512462
472,1.943127232391981,280.18584937488765,7.5790343487617875
473,2.0370651298830764,210.13780674329607,8.839861189221565
474,2.123834223395079,64.59765577705065,9.22744712388387
475,1.932148303223197,-128.22744176689974,8.45808247328247
476,2.212770306546872,-272.8120871921903,6.8212099501293295
477,1.7716123547715192,-349.37124325286015,4.72498249061217
478,2.0012678124724537,-282.8298342422114,3.0280034851589015
479,2.5195347453191665,-114.053296173581,2.343683708117414
480,2.0446159485250552,75.04672510514689,2.793964058748294
481,2.2866429013212346,233.9151629091014,4.1974550362029035
482,2.0183040356346416,292.8963809196341,5.9548333217207094
483,2.1161554190659593,235.2033311678796,7.366053308727988
484,1.9886433611214618,81.59452446397664,7.855620455511847
485,1.965918483767159,-119.26649711800292,7.140021472803831
486,1.8441035206549161,-266.6699737534067,5.540001630283392
487,2.086060271791511,-336.6832568562628,3.519902089145816
488,1.8296925621628464,-266.93373785840276,1.9182996619953983
489,2.1331170472626857,-109.35637600340567,1.2621614059749646
490,2.217057400889182,82.07750562169485,1.7546264397051345
491,2.073306281447446,243.37501170199909,3.2148765099171293
492,1.9427502532888616,301.6263409628888,5.024634555694462
493,2.0907931158617394,240.63446779513453,6.468441362465271
494,1.9382653888907175,88.39957376872714,6.998838805077632
495,2.1871094250930296,-108.25800003151143,6.349290804888565
496,1.6337187831569753,-256.9474074975346,4.807606359903357
497,1.9328785263762707,-323.0539119216532,2.869282888373437
498,1.6018376009752004,-252.48702997925477,1.3543607084979072
499,1.700987833954559,-103.61689060752376,0.7326593648527648
500,2.272772445962782,94.8780206899744,1.301927488992611
501,2.1790369963943372,252.9238980531327,2.8194708773114066
502,1.856103953343042,323.9292180952654,4.763046185882999
503,1.6994993087918207,260.212844546085,6.324323253159509
504,1.4070942324316698,101.67938784193109,6.934399580211096
505,1.8913008984134732,-87.67405027144682,6.408355278582416
506,2.4840830024494807,-256.5289361660904,4.869181661585873
507,2.0869768542927294,-304.9547096744212,3.0394534035393477
508,1.888085542790102,-233.50086718960367,1.6384482004017258
509,2.093016041900061,-84.49723853064224,1.131464769217871
510,1.6878083294011115,110.58964666568166,1.7950026492119626
511,1.9405353274604729,271.3162196207686,3.4228999669365727
512,2.0198954946031478,334.2962679884067,5.428677574867013
513,1.9827798696357903,261.07293318349826,6.995115173968003
514,2.158161224338016,106.80743311458176,7.635959772655493
515,2.0689290452472107,-76.65502035715116,7.176029650512586
516,2.1336652036215993,-237.12799628408092,5.753261672808101
517,1.8623255435538482,-285.76333242341525,4.038681678267608
518,2.1795630816821094,-232.6744694909469,2.642634861321927
519,2.3257873895247982,-82.46948707698199,2.147817938860033
520,1.8059700960697174,116.2424899920836,2.8452728788125334
521,1.822460868857088,267.1280661310624,4.448041275598907
522,2.2671568672640467,26.7556606428684,4.608575239456119
523,1.9617312026609879,28.18997569123275,4.777715093603515
524,2.2807642784133115,28.210581298553116,4.946978581394834
525,1.9114928576215633,36.92348905269887,5.168519515711026
526,2.291009115254142,38.71290326836056,5.400796935321189
527,2.0262971633610904,33.05439493268689,5.59912330491731
528,2.051645764664539,24.413536747748687,5.745604525403802
529,2.312943604333981,39.348529280627886,5.98169570108757
530,1.9276459045111658,40.20830113494467,6.22294550789724
531,1.8117755808150084,40.14191375031749,6.463796990399146
532,1.910287158394329,44.65970375493184,6.731755212928736
533,2.0904667901286276,35.07922371176936,6.942230555199352
534,1.686848185563897,52.09172825784709,7.254780924746434
535,2.127494180530224,38.38874653562035,7.485113403960156
536,1.8922457364764513,48.063100700416825,7.7734920081626555
537,2.2295625321467125,37.00433617242093,7.995518025197182
538,1.5211479390199056,41.90664974304539,8.246957923655454
539,1.8426868449791662,55.24934817826935,8.578454012725071
540,1.6627063697531796,47.464995266359125,8.863243984323226
541,1.8347541067272095,54.06338014976306,9.187624265221803
542,2.0495331802217884,52.13492697198346,9.500433827053705
543,1.964154674910049,51.50368041815694,9.809455909562647
544,1.9493244862103971,59.91781163759538,10.16896277938822
545,1.968163025723988,52.976953031559475,10.486824497577576
546,2.0406776481239888,46.30967409748964,10.764682542162515
547,1.7982927916113784,52.241545362085134,11.078131814335027
548,2.14136992817981,60.04918410771042,11.438426918981289
549,2.1325331940770966,60.29718525243982,11.80021003049593
550,2.07700758753122,51.50153493258479,12.109219240091438
551,2.1113066885502527,56.72291130930155,12.449556707947249
552,2.059283600161732,58.43426668065488,12.80016230803118
553,2.4070146605462135,60.50406882325046,13.163186720970682
554,1.982581165789498,56.4305296496743,13.501769898868726
555,1.9385833563330848,61.13690542805645,13.868591331437067
556,1.8492944839285244,61.59420122588137,14.238156538792355
557,1.7935474658844326,70.04309028179637,14.658415080483133
558,1.7511056424797848,71.16872848904147,15.085427451417381
559,1.8222405373538164,67.32114684508113,15.489354332487867
560,1.9858639236695856,67.00630991847248,15.891392191998701
561,2.066859025699543,70.57152779543227,16.314821358771297
562,2.0102284117104325,66.68337235137253,16.71492159287953
563,1.8468929445140574,65.91523193744106,17.11041298450418
564,2.1800369128039927,67.82009383141109,17.517333547492644
565,2.1478825344601895,70.20746670781541,17.938578347739536
566,1.9680703385155967,68.4128851755995,18.349055658793134
567,1.8694167710670575,75.87752832058673,18.804320828716655
568,2.10968558416596,79.54090751572735,19.28156627381102
569,2.037594717497221,68.7699279815686,19.69418584170043
570,1.7103745481169905,77.6320164440403,20.159977940364673
571,1.986403948803119,77.19538364451462,20.62315024223176
572,2.0524071624148763,80.77890731919337,21.107823686146922
573,1.8200610427024493,79.7704600269226,21.586446446308457
574,2.0379686785674886,73.31831529610872,22.026356338085108
575,1.709035502948442,75.01277202808743,22.476432970253633
576,2.267237220002434,82.19737538863357,22.969617222585434
577,2.2495899970118862,87.90671845900061,23.497057533339436
578,1.949496533139407,72.39133796956666,23.931405561156836
579,2.0726908675678146,85.87716262901287,24.446668536930915
580,1.518015606840025,90.76958001771838,24.991286017037226
581,1.7687304679469333,84.71585974966148,25.499581175535194
582,1.941244215969574,88.87799527405522,26.032849147179526
583,1.785573395714628,83.2440033622711,26.532313167353152
584,2.142879296526132,86.78115599488844,27.053000103322482
585,2.399459306149599,79.87823199010215,27.532269495263094
586,1.7646770561141396,76.85197429755854,27.993381341048448
587,1.8325073191829615,93.86439627595473,28.556567718704173
588,2.047089673661986,84.78836295560917,29.06529789643783
589,2.322223229699924,87.98427354188621,29.593203537689146
590,1.7555251374920193,83.86399472160362,30.096387506018768
591,2.0498072244613885,84.2662842018789,30.60198521123004
592,2.364259770162622,90.95242218755428,31.147699744355368
593,1.6696481703641466,88.66467394875296,31.679687788047886
594,1.7437861586308336,94.67875771962437,32.24776033436563
595,1.9152786787078324,95.51325584286866,32.82083986942284
596,1.8958823174289179,95.30171815836682,33.392650178373046
597,2.162520257550729,95.32255450759254,33.9645855054186
598,2.0483319439641674,102.43557828404576,34.57919897512288
599,1.6450075880715742,89.6109951902569,35.116864946264414
600,2.103082080580162,95.06149290672832,35.68723390370479
601,1.8844922225288698,101.37173470242502,36.29546431191933
602,2.254889443388248,102.38795928892227,36.90979206765287
603,1.874482492712616,89.29821643489218,37.445581366262225
604,1.872676943379553,95.17177763144964,38.01661203205092
605,2.108226322160906,103.83537453131598,38.63962427923882
606,2.1525852964673873,99.88102360159557,39.23891042084839
607,2.0896198727872406,98.59740025484179,39.83049482237744
608,1.6628805365230384,96.79767227421286,40.411280856022714
609,2.10760688798565,96.21661344681722,40.98858053670362
610,1.79313838966512,99.81070793341262,41.5874447843041
611,2.0470552223176526,97.32617171981714,42.171401814622996
612,1.715253112920188,98.57797958879557,42.762869692155775
613,2.0892644295086127,99.37106510295352,43.35909608277349
614,1.8386802191385254,95.75925171727097,43.933651593077116
615,1.7434730699478957,101.96610578344395,44.54544822777778
616,2.14276402729648,114.01681881760484,45.22954914068341
617,2.0483289043353503,90.68506397405338,45.77365952452773
618,1.8772046397214206,101.29870663665332,46.38145176434765
619,2.290235769804213,95.97056847653162,46.957275175206846
620,1.9118695156860515,102.7356200746485,47.57368889565473
621,2.0064215347941867,100.14268398710745,48.17454499957738
622,2.05378268953572,103.7646513923887,48.79713290793171
623,1.8760668131742773,105.86257557837395,49.43230836140195
624,2.094227258679986,100.96099303641232,50.03807431962043
625,1.893309530567055,105.65717102884558,50.672017345793506
626,1.9176723355567582,88.25761995744924,51.201563065538195
627,2.2725285279606684,107.89775127248704,51.84894957317312
628,1.7918827894975133,101.77136673534444,52.45957777358519
629,1.517443933814102,105.22003260585274,53.09089796922031
630,2.322187399002379,93.65040093524237,53.652800374831756
631,2.5098655905214007,95.499110887007,54.2257950401538
632,1.9189461469101337,100.27006452412513,54.827415427298554
633,1.6126323918759629,99.32684630230663,55.423376505112394
634,1.9379032047608113,100.68331162840198,56.02747637488281
635,1.9427554100318662,104.53077047155179,56.654660997712114
636,1.9620152317955486,90.10663738883511,57.19530082204513
637,1.7773223916156304,103.61072470426546,57.81696517027072
638,2.1159122284952954,98.57630559655131,58.40842300385003
639,2.104901475057217,97.29366247394772,58.992184978693714
640,1.7011188760361386,90.71911555007952,59.53649967199419
641,2.1398393463389778,100.33653685520517,60.13851889312542
642,2.4105369963891783,85.4818779930287,60.65141016108359
643,2.034392066487412,100.51007552650958,61.25447061424265
644,1.9325349675862988,89.50787398840383,61.79151785817307
645,1.9715993571184958,96.92064731889153,62.37304174208642
646,2.1230513533937123,95.7271749027517,62.94740479150293
647,1.6538656788985564,101.82513017178835,63.558355572533664
648,2.0328781405954603,94.7233976288557,64.1266959583068
649,1.921907210107438,91.77008548271682,64.6773164712031
650,2.369565002591209,92.31679987612357,65.23121727045984
651,1.9651654532390084,100.80825438185623,65.83606679675098
652,2.333577522223904,96.70440891688042,66.41629325025227
653,1.7792518604435985,91.65898064776543,66.96624713413885
654,2.1174518333605583,91.95429684616285,67.51797291521584
655,2.063880052758246,84.83530508760131,68.02698474574144
656,1.8261905504270435,94.13355997278023,68.59178610557812
657,2.035479222927388,82.89752164112406,69.08917123542486
658,2.24250376736632,94.94648476068068,69.65885014398896
659,1.9352416591426798,91.30708424014531,70.20669264942981
660,1.6616074701660473,102.0608635524641,70.81905783074461
661,1.9964874347045107,84.07329459990407,71.32349759834403
662,1.8195153810414975,88.49435662698745,71.85446373810595
663,1.9315318122672236,97.41871680549318,72.4389760389389
664,1.9836824460629758,93.78984605973397,73.00171511529732
665,1.6588695567968965,83.7435595440492,73.50417647256161
666,1.6768683321358644,87.72237752031116,74.03051073768347
667,2.096413367105105,85.97675480014996,74.54637126648439
668,1.8954562607660639,86.72715265631012,75.06673418242224
669,1.4870511316358865,81.16108685308191,75.55370070354073
670,2.156968807321627,83.53160803235036,76.05489035173483
671,2.054473951054848,75.29838148769379,76.50668064066099
672,1.857225035192703,83.2615153556948,77.00624973279515
673,1.7366339577883516,84.120188803692,77.51097086561731
674,2.1671615792628676,80.00422158306725,77.99099619511571
675,2.069870124512086,72.32445858377015,78.42494294661833
676,2.476520456536815,84.58804526475032,78.93247121820684
677,2.0840377197449875,80.7010819332272,79.41667770980621
678,2.077540628252403,74.46897127608698,79.86349153746272
679,1.966614413978287,75.9042771046815,80.31891720009082
680,2.1633551734401584,68.99993273187981,80.7329167964821
681,2.125017040249631,70.56012456160971,81.15627754385176
682,2.250345001713039,72.17003810171337,81.58929777246203
683,1.895735416272543,80.1612737315952,82.0702654148516
684,1.9129185054112074,69.97001565573049,82.490085508786
685,1.904179365817604,75.50538670279482,82.94311782900276
686,2.1581603442357977,68.73808262839424,83.35554632477312
687,2.2996748880593465,71.7834445188548,83.78624699188626
688,1.9082319013701399,68.9396102942032,84.19988465365148
689,1.9150452544413819,73.10373186337488,84.63850704483173
690,2.06281544477396,65.14537689037391,85.02937930617396
691,1.9508476999974198,59.02704612442187,85.38354158292049
692,2.190410730627978,59.0396121967715,85.73777925610112
693,1.5496445418761906,62.3392048356509,86.11181448511502
694,1.834658990616621,57.792242813912424,86.4585679419985
695,1.8435167332077107,65.11742058265351,86.84927246549442
696,1.5359287975227711,59.756358660034074,87.20781061745463
697,1.8072723111262392,72.96724760467448,87.64561410308266
698,1.8169687768308147,51.40499044062674,87.95404404572643
699,1.959779069096234,60.101569394144846,88.3146534620913
700,2.222593178332053,52.424129825332344,88.6291982410433
701,1.9509878697618595,54.5681923558768,88.95660739517855
702,1.7938372559457691,56.704575980462394,89.29683485106133
703,1.9886090917572943,43.324040932709245,89.55677909665758
704,2.20983472428827,55.07975281996178,89.88725761357736
705,1.804808236777019,62.34635618597607,90.2613357506932
706,1.8178850232157102,49.492464554344885,90.55829053801929
707,2.1117097918548446,51.978342680854894,90.87016059410442
708,1.95569277685384,54.71554033406598,91.19845383610881
709,2.129496938141895,47.67494617161391,91.48450351313849
710,1.9972706416409407,44.48602131638694,91.75141964103682
711,2.1403327296179135,34.900750278121265,91.96082414270555
712,9.980935527504744,48.36567323466443,92.25101818211353
713,1.9975830698423465,43.46901924481759,92.51183229758243
714,1.9578619971273685,37.8386161492919,92.73886399447818
715,1.756821815179174,42.39540477203532,92.99323642311039
716,1.6873044104262622,37.69779727141642,93.2194232067389
717,2.137149807054932,36.82141961936646,93.44035172445508
718,1.9298095235564043,41.336113040860404,93.68836840270025
719,1.795543943670534,30.44779132413761,93.87105515064508
720,1.9807642126153335,41.20544939482247,94.11828784701402
721,2.2256037714698604,27.803920453836405,94.28511136973704
722,1.5438524309256154,30.296817412445414,94.46689227421172
723,1.7006722620193346,42.03771051877003,94.71911853732433
724,1.8154227116209465,36.8672782313612,94.94032220671251
725,2.292235773344066,30.52110772365231,95.12344885305443
726,2.0565173965838595,24.128267949716253,95.26821846075272
727,2.1534634480922454,24.97782690440805,95.41808542217917
728,1.7719678161747539,26.77946350458928,95.57876220320671
729,1.7760928249458947,25.3854223002106,95.73107473700797
730,2.0895627433445423,23.524183701643793,95.87221983921783
731,2.011654866187089,22.60131391718742,96.00782772272096
732,2.1097477637728255,20.456938525983485,96.13056935387687
733,1.9624658018143095,13.088851524476187,96.20910246302373
734,2.0556287452909254,16.48291079250233,96.30799992777874
735,2.0316238169810217,22.40228738573196,96.44241365209312
736,2.155553477816985,9.748377169115802,96.50090391510781
737,2.161401656388894,14.400527631925382,96.58730708089936
738,1.676025601121646,10.005363548637781,96.6473392621912
739,1.5505462889318289,13.414481675177585,96.72782615224226
740,2.2003490795303016,9.666125507189015,96.78582290528539
741,2.237545018652387,17.745984708097453,96.89229881353397
742,1.7958753960973324,11.640018039615448,96.96213892177167
743,1.6280329186908742,1.2947313276809185,96.96990730973775
744,2.01980696420144,9.955289420730654,97.02963904626213
745,2.186167645270106,1.4702481179954563,97.0384605349701
746,2.3595189044868627,1.2020380871836154,97.0456727634932
747,2.1032595144202904,4.398980908847461,97.07206664894629
748,1.925656660682861,-0.8864331929464346,97.06674804978861
749,1.8213738756830273,4.77875230238847,97.09542056360294
750,2.002290258334131,-4.815957530156499,97.06652481842201
751,1.9401470592229488,-5.295871155579501,97.03474959148853
752,1.7969864188542368,-6.740375748922109,96.994307336995
753,2.4097511301726575,-7.543550677005676,96.94904603293297
754,2.357033680414426,-0.47548871058174313,96.94619310066948
755,2.2272097367110857,-4.082609724007085,96.92169744232544
756,1.8158299204381745,0.06912732250945552,96.9221122062605
757,2.171003864859456,1.6049691826661245,96.93174202135648
758,2.1279252818995804,-16.137956313911666,96.83491428347301
759,2.0885091248408107,-11.881656801209148,96.76362434266575
760,2.2499330534087556,-19.36219958387554,96.64745114516249
761,2.1270742285722557,-18.61454010075531,96.53576390455795
762,2.148002847260867,-19.11990533003323,96.42104447257775
763,2.127381256674442,-22.495722647108117,96.2860701366951
764,2.068158281600421,-23.70711704484123,96.14382743442606
765,1.6432777740571634,-20.403916039371648,96.02140393818983
766,2.0167242154821112,-26.997785385688687,95.8594172258757
767,1.888761608230175,-17.931948436467568,95.7518255352569
768,1.744031808471996,-27.956237283512717,95.58408811155583
769,2.336363323860165,-10.540813724903042,95.5208432292064
770,2.345799068177141,-28.062879197706888,95.35246595402016
771,2.2718441200591224,-26.65908387879292,95.1925114507474
772,2.051042683371175,-34.704817969727216,94.98428254292904
773,2.2701250241905315,-20.902126741289937,94.85886978248129
774,2.002410636120365,-25.034898556663627,94.70866039114131
775,2.040559455379556,-30.34279213555023,94.52660363832801
776,1.7813057259076035,-39.75131778398136,94.28809573162413
777,2.079398260899768,-33.1486799439437,94.08920365196046
778,2.0120771856848836,-40.98846714271998,93.84327284910414
779,1.7394695766331072,-29.243234865155014,93.6678134399132
780,1.9897605776366807,-33.67695277101095,93.46575172328714
781,1.9840540872286383,-38.407677666699975,93.23530565728694
782,2.3595122333289282,-52.22254493301698,92.92197038768884
783,2.178842665702682,-46.107204717694316,92.64532715938267
784,2.0022890878182933,-38.89425994765405,92.41196159969675
785,2.049757461960217,-37.40488965682366,92.18753226175582
786,2.0088424756208396,-39.052823511046896,91.95321532068954
787,1.9594172030408905,-53.681045279115054,91.63112904901485
788,1.7835145605223426,-45.32829209920148,91.35915929641963
789,1.9697896244786142,-42.86614014646618,91.10196245554084
790,1.8507803486694974,-57.335470619553206,90.75794963182352
791,1.7499368922153706,-50.175631835626625,90.45689584080975
792,2.102244362909507,-49.851280803769065,90.15778815598713
793,2.078252931986647,-53.800594745813754,89.83498458751225
794,1.6426584977263845,-62.62558531721814,89.45923107560895
795,1.9754630725009745,-56.05282701352652,89.1229141135278
796,2.1991402771799846,-57.111812589686735,88.78024323798968
797,2.211844747779264,-57.25781869927802,88.436696325794
798,2.205167368577048,-60.368042404114235,88.07448807136932
799,2.007782641380292,-60.789868520391224,87.70974886024698
800,1.8309909344061697,-59.78819347512454,87.35101969939622
801,1.7832602345283879,-58.382814601506205,87.00072281178717
802,2.0689209809500717,-63.11305917100117,86.62204445676117
803,2.0758560068730327,-64.62526232702054,86.23429288279905
804,2.257466222321013,-63.09143839316597,85.85574425244005
805,2.219995930068417,-74.12392322334517,85.41100071309998
806,1.9735542686937655,-63.09009420784106,85.03246014785293
807,1.7511588242278262,-66.4236515661761,84.63391823845589
808,1.9361786805978205,-67.15742505569875,84.2309736881217
809,2.043446238962105,-63.476620178346494,83.85011396705161
810,1.9595833509221192,-78.95796454799583,83.37636617976364
811,1.8844211783844689,-79.96570302605447,82.89657196160731
812,2.0505769629939796,-69.61907000282523,82.47885754159036
813,1.899208451717878,-71.9039967624963,82.04743356101538
814,1.8743867832549252,-71.88647944134516,81.61611468436732
815,2.062290566860688,-75.90544212427245,81.16068203162168
816,1.919601483974159,-71.11883621764218,80.73396901431582
817,2.0488208777956705,-70.61142963483977,80.3103004365068
818,2.0546408045704245,-73.67682109640906,79.86823950992833
819,1.7721141997816852,-78.21094294945446,79.3989738522316
820,1.9037517752269175,-88.24314688630079,78.8695149709138
821,2.2875553879832924,-74.64412314845478,78.42165023202307
822,1.7675840974531425,-73.15484574308043,77.98272115756458
823,1.5766691102058938,-76.80134020548329,77.52191311633169
824,1.6276309693514976,-85.17032554421813,77.01089116306638
825,2.0058219893153337,-78.13834218028741,76.54206110998464
826,2.0061834556065397,-77.92696962007363,76.0744992922642
827,1.9764778289149758,-75.1448299135128,75.62363031278312
828,2.2428379657857005,-88.01563051771731,75.09553652967682
829,1.4654331133794125,-85.45029016134288,74.58283478870877
830,2.0791867748861645,-81.25125186335127,74.09532727752867
831,2.3122876403607147,-85.35670923214374,73.5831870221358
832,1.7744438470216573,-91.87299383884938,73.0319490591027
833,1.924038697642021,-84.84221773506633,72.5228957526923
834,1.8494216165542758,-84.63718189870544,72.01507266130007
835,1.8211307907844942,-87.69201672932563,71.48892056092411
836,1.934747598995392,-87.62130280496066,70.96319274409436
837,2.285497056736901,-90.58611532338543,70.41967605215405
838,2.367477335097504,-82.4604209334064,69.92491352655361
839,1.9328121549919706,-94.90028926476492,69.35551179096501
840,2.381012042812894,-93.8641415952077,68.79232694139377
841,2.007115295396925,-91.38893237687887,68.24399334713249
842,2.350738205340216,-87.55094300051603,67.7186876891294
843,1.9813402700693017,-99.91988380820345,67.11916838628017
844,2.0262115652092287,-99.45718104426344,66.52242530001459
845,2.073094894528567,-103.5523188997582,65.90111138661604
846,2.635770735873507,-93.64340656335018,65.33925094723594
847,2.170257114968958,-99.82677523946457,64.74029029579916
848,1.8585470940097073,-96.57144952357478,64.1608615986577
849,2.1937995740551717,-91.7402847805526,63.61041988997438
850,1.9276334925831318,-98.63832697678907,63.01858992811365
851,1.902049963419758,-94.64254111783205,62.45073468140666
852,2.1817202719784223,-97.64882056347112,61.86484175802583
853,2.0062171175542307,-93.1295252939917,61.306064606261884
854,2.055715182902361,-94.43715495347178,60.73944167654105
855,2.0027970443730583,-100.57984370791065,60.13596261429359
856,2.067316625321087,-98.25544681087585,59.546429933428335
857,2.08499317948723,-92.47007054754675,58.99160951014305
858,1.612606613458917,-95.98304558684117,58.415711236622
859,2.1333145337219066,-105.1803842185063,57.78462893131097
860,1.80359611603394,-95.14759033747995,57.213743389286094
861,1.7115401728881177,-104.06326678175263,56.58936378859558
862,1.9883177512282635,-91.77657371354225,56.03870434631432
863,2.016796200662891,-93.9019311499147,55.47529275941483
864,1.8612987670855439,-97.74061614629568,54.88884906253706
865,2.166206371533595,-98.55580285460007,54.29751424540946
866,1.7315649667258186,-100.52333322839561,53.69437424603909
867,1.9186112502454882,-96.20601684691027,53.11713814495762
868,1.8830251730133998,-101.55723282517931,52.507794748006546
869,1.9906825459321322,-98.61442214962486,51.9161082151088
870,2.0557728569294476,-95.50573927504838,51.34307377945851
871,1.798421410075291,-102.73178193723588,50.7266830878351
872,2.1448565354912454,-103.04524046617647,50.10841164503803
873,2.01260047366694,-105.96181458029719,49.47264075755625
874,1.621610749337618,-105.32224011349061,48.84070731687531
875,1.6082817119205939,-109.13591937723689,48.185891800611884
876,1.9975361414141377,-96.32304348196122,47.60795353972012
877,1.9558065364427293,-90.89004093578423,47.06261329410542
878,1.9793159772850732,-92.7545827053754,46.50608579787316
879,1.9944035086939564,-107.94245964694721,45.85843103999148
880,2.045111967902036,-96.10278057950228,45.28181435651447
881,2.18952992196966,-92.51575932023766,44.72671980059304
882,1.7777790198164882,-101.79381444871994,44.11595691390072
883,1.765605681419841,-98.87025564729218,43.52273538001697
884,1.7813352284225235,-109.26896201950473,42.86712160789994
885,2.057783333433741,-97.73211901705997,42.28072889379758
886,2.248989475729289,-104.20422662351717,41.65550353405648
887,1.9137321123520978,-97.69323441575844,41.069344127561926
888,1.499660031168069,-106.28678991216522,40.43162338808894
889,1.659201427477925,-95.54026756987483,39.85838178266968
890,1.8333926554407975,-92.89023209508423,39.30104039009918
891,1.888454222500957,-101.67142320334449,38.691011850879114
892,1.9183222745490547,-103.16739757450561,38.07200746543208
893,2.0077162245961833,-107.97473615797331,37.42415904848424
894,1.9376507338355107,-98.22314599399088,36.834820172520296
895,2.2098679221086814,-99.48017450294354,36.237939125502635
896,1.8647965388637262,-103.99314798540367,35.61398023759021
897,1.8275364081048915,-93.62357569090412,35.052238783444785
898,2.0957751077040925,-97.77396766915196,34.46559497742987
899,1.692871586014776,-100.52312726154383,33.86245621386061
900,2.0779383410640007,-97.52258670024527,33.27732069365914
901,2.020510636745253,-88.98348713251006,32.74341977086408
902,1.9705115020163666,-90.90068304320071,32.198015672604875
903,2.3176552214298525,-94.12599597420757,31.63325969675963
904,1.8755585109410564,-89.92604799053622,31.093703408816413
905,2.412059634104816,-98.35712167410152,30.503560678771805
906,1.95491371015438,-91.90705580165124,29.952118343961896
907,1.7445967110059544,-90.8340711975846,29.40711391677639
908,2.013983916198965,-93.40715290169727,28.846670999366204
909,1.7847509599362463,-88.35355827847263,28.316549649695368
910,1.8496488304373,-93.8915723255541,27.753200215742044
911,2.079406660003098,-86.8846177742222,27.231892509096713
912,2.111116417730025,-86.10459280757915,26.71526495225124
913,1.8755664599491484,-102.86579067594735,26.09807020819555
914,2.19748102900928,-81.7305990057648,25.607686614160965
915,2.231501551604227,-102.3085528432766,24.993835297101306
916,2.2872603513126584,-89.52512067376716,24.456684573058702
917,2.1058826814251446,-80.67894291428007,23.97261091557302
918,2.27268574241714,-86.73934739959338,23.452174831175462
919,1.6238403144051885,-91.8176008079296,22.901269226327884
920,1.9364186902743075,-89.27574517910605,22.365614755253247
921,1.8265989487353147,-77.97965949996637,21.897736798253447
922,2.0238451722254784,-92.0156882630797,21.34564266867497
923,1.8857101561606526,-76.04414821448049,20.889377779388084
924,1.9667684316100535,-81.23262682928593,20.40198201841237
925,2.3764349760408097,-86.17429592771659,19.884936242846074
926,1.9660560407159244,-82.37040575275792,19.390713808329522
927,2.0827584634380427,-83.77089124266726,18.88808846087352
928,1.953546134015153,-73.57113255405658,18.44666166554918
929,2.0151426575913667,-73.44528222105832,18.00598997222283
930,2.0012033360872143,-84.89618910653309,17.496612837583633
931,2.089664813194632,-77.49923334867663,17.031617437491576
932,2.2330615071094355,-78.96614714452672,16.557820554624413
933,2.329478799520666,-67.33980332093714,16.15378173469879
934,2.0619240163818335,-79.70330470285109,15.675561906481684
935,2.1179093772071202,-64.06557636903352,15.291168448267483
936,1.7698270981628865,-71.37570224068727,14.862914234823359
937,1.982424651516876,-76.13013993996893,14.406133395183545
938,2.188057892976718,-72.8069515341187,13.969291685978831
939,2.1731937276834308,-72.51780325222045,13.534184866465509
940,2.04232194655901,-73.9610893463455,13.090418330387436
941,2.1772787919135905,-66.18145701958545,12.693329588269922
942,2.098153341798764,-71.85221628037814,12.262216290587652
943,2.2400612516518645,-75.66111920743049,11.80824957534307
944,2.0578718313914224,-65.69407342955213,11.414085134765756
945,1.928860336885793,-71.83628071165381,10.983067450495835
946,2.0671682513866045,-65.59917253195923,10.58947241530408
947,1.413881124829445,-65.39046654243866,10.197129616049448
948,2.07657714727701,-64.19798899922186,9.811941682054115
949,1.2703174349570432,-48.82458101212979,9.518994195981335
950,1.6553073185189164,-57.52551811418934,9.1738410872962
951,2.090353720188197,-55.549753564494175,8.840542565909235
952,2.095505867453359,-64.61864910787583,8.452830671261982
953,1.767514243972014,-57.95770321754741,8.105084451956696
954,1.8575795916242122,-52.553951174030836,7.78976074491251
955,2.2741081977228266,-57.687199827697185,7.443637545946327
956,1.9031939736854648,-46.950014806491495,7.161937457107378
957,2.448584062480597,-56.421438508637706,6.823408826055552
958,1.9996160293647307,-50.749436869273495,6.518912204839911
959,2.0816072353762536,-51.14971158008267,6.2120139353594155
960,2.3233748796997213,-46.29206761139224,5.934261529691064
961,2.026205423238684,-49.202884099138345,5.639044225096235
962,1.7995312038618398,-46.234386155400955,5.361637908163829
963,1.978054509661142,-44.932951504580494,5.0920401991363455
964,1.9928778527619817,-46.289700024200094,4.814301998991144
965,1.727051669559687,-39.05100876805528,4.579995946382812
966,1.9488335857318353,-39.13669037421107,4.345175804137547
967,1.8515615812005126,-39.61747499830574,4.107470954147711
968,2.184871551437487,-40.16627147966955,3.866473325269695
969,2.006922374837051,-32.864819328425185,3.669284409299145
970,1.943440850170486,-36.85444006049419,3.4481577689361806
971,1.9787636138754847,-36.03083981858893,3.2319727300246477
972,2.044624403681233,-32.790529324765245,3.035229554076057
973,2.123362839937956,-23.642400953560156,2.8933751483546963
974,1.8000575542661237,-37.63338717899304,2.667574825280738
975,1.7916824734757455,-25.883699201440514,2.5122726300720934
976,2.220935843080506,-37.99551241359565,2.2842995555905183
977,1.917532625559054,-26.235449569703537,2.1268868581722984
978,1.7166315814806252,-18.234236903165332,2.0174814367533074
979,2.088762541876621,-22.45001282435271,1.8827813598071899
980,2.0926739612065375,-22.819995636469187,1.7458613859883734
981,1.6938569485486588,-25.251388207772735,1.5943530567417383
982,2.0458963430927213,-21.066372615808213,1.467954821046888
983,2.1471166184856747,-21.25103259949735,1.3404486254499055
984,2.0748772903412527,-22.686548377240694,1.2043293351864612
985,2.126396296752279,-18.96902240256137,1.0905152007710939
986,1.7191461803818502,-15.28794541337728,0.9987875282908298
987,2.066208030999239,-18.87356752404701,0.8855461231465469
988,1.9394760481059108,-17.82414290068884,0.7786012657424131
989,1.903441968255071,-19.34702020599063,0.6625191445064686
990,2.1741111218839455,-9.343262012462878,0.6064595724316924
991,2.295854902134846,-7.319567475381662,0.5625421675794016
992,2.3588740109200717,-7.635588619923626,0.5167286358598595
993,2.262961574301181,-2.7143539945970145,0.5004425118922775
994,1.9780531636739633,-5.845990819044659,0.46536656697800893
995,2.0705440326052686,-3.0694023495080334,0.4469501528809623
996,2.1533645743568486,-2.2536021396840202,0.4334285400428577
997,2.0242355898598925,-2.973224636028837,0.4155891922266832
998,2.026152837582309,-3.911970924522473,0.39211736667954966
999,2.1647506263752363,11.070763078959505,0.45854194515330704
